0.27651808,0.31330222,0.28010178,0.3005247,0.2743505
0.05936166,0.04171335,0.04121176,0.05611701,0.06203571,0.04210363,0.04778848,0.05971804,0.04651514,0.05861795,0.05111257,0.19628924,0.26872072,0.25508007,0.30765948,0.35878617,0.33419237,0.3154414,0.28644758,0.25061,0.27638394,0.2692997,0.2867828,0.26820248,0.26821625,0.24248886,0.2413073,0.24758095,0.2500646,0.22544199,0.24140245,0.2574213,0.23279972,0.2124968,0.21975961,0.25106427,0.261542,0.26479435,0.43448865,0.41213626,0.43857017,0.4638524,0.43009204,0.32522875,0.3220327,0.3917213,0.41176996,0.38651174,0.10611875,0.12419063,0.18637514,0.29895484,0.30723935,0.3206141,0.3444347,0.40476137,0.43858132,0.4271561,0.36609358,0.28072095,0.4496303,0.43714505,0.29433876,0.26948294,0.31364658,0.43444103,0.43889692,0.44009492,0.40604725,0.5030543,0.46084562,0.34030002,0.12485166,0.3063923,0.21264435,0.32431808,0.21691945,0.32700622,0.3450134,0.37951156,0.38080037,0.38981497,0.44842675,0.4002735,0.35137013,0.36610076,0.4210127,0.36533332,0.35834166,0.42327628,0.41629973,0.3656533,0.36039776,0.43955138,0.4854878,0.39277294,0.47050345,0.42896295,0.49033374,0.4360893,0.42990264,0.5577339,0.44926283,0.3975815,0.3887411,0.43420905,0.43635574,0.41404557,0.3478229,0.38897762,0.35103866,0.46876135,0.46839884,0.44017506,0.4340716,0.44294167,0.45658922,0.42590085,0.45436087,0.4498686,0.47302553,0.451516,0.4859888,0.5725311,0.5493477,0.4847794,0.4958598,0.45737398,0.52207804,0.46133414,0.42247692,0.41220948,0.27762967,0.39753056,0.37803876,0.375501,0.45172003,0.46880013,0.45410123,0.4408211,0.3863919,0.44405094,0.3767509,0.17522442,0.0912879,0.16119961,0.17261031,0.07496431,0.02956625,0.10992949,0.2012374,0.11480931,0.10516332,0.06126684,0.17905265,0.10945828

0.4097018,0.337697,0.3273993,0.38188,0.47541615,0.49978143,0.49908748,0.43351063,0.42889675,0.40629256,0.54383194,0.53122336,0.47580805,0.43779403,0.40093654,0.512985,0.46005484,0.34143752,0.46347442,0.4100529,0.41375557,0.36814773,0.43469363,0.4724077,0.47377542,0.3764694,0.186647,0.16817813,0.43095976,0.49667972,0.43669072,0.48458877,0.43258974,0.30448127,0.39388862,0.34975016,0.14734678,0.2461081,0.4103692,0.32251322,0.32782832,0.26506287,0.28021374,0.2413502,0.23328342,0.48804396,0.5363868,0.5448108,0.47014892,0.45413083
0.21917021,0.24983872,0.24039212,0.22788365,0.21921048,0.22623247,0.23600957,0.25899848,0.19245797,0.21421316,0.24973473,0.18883862,0.19749571,0.21916038,0.19698407,0.21487688,0.24946307,0.28936148,0.23388486,0.23434052,0.2036032,0.22403753,0.26962402,0.40036747,0.34686685,0.3843373,0.29768386,0.27127028,0.31399423,0.30834725,0.27955827,0.2881713
0.47381836,0.56805646,0.49932355,0.5394535,0.55835843,0.5238911,0.43514976,0.42897314,0.49395168,0.49830434,0.5036261,0.57885206,0.4693521,0.43342394,0.4350979,0.57262015,0.4823153,0.53526247,0.498585,0.49182305,0.52298695,0.45492178,0.50243974,0.40275902,0.501833,0.4972283,0.47481367,0.48261186,0.50378895,0.3898913,0.519228,0.4891509,0.48193452,0.4227501,0.48865032,0.39698142,0.4669576,0.4980177,0.48152363,0.53409827,0.5185134,0.4647084,0.5558697,0.55014455,0.37826428,0.43234798,0.43079355,0.39191243,0.10793623,0.21244013,0.21955174,0.2239422,0.2211199,0.06352579,0.1810011,0.39611912,0.4079434,0.17025113,0.1619112,0.26228926,0.35573024,0.3932945,0.40419284,0.37981015,0.37200764,0.35226008,0.35322726,0.36277664,0.2406433,0.15310131,0.14743291,0.13820457,0.11344368,0.12419482,0.19448052,0.20764056,0.201986,0.16933836,0.17847635,0.16322008,0.14633292,0.13222672,0.17921424,0.1716381,0.15461355,0.19672588,0.23977207,0.24969174,0.27007714,0.24796534,0.29965818,0.27390584,0.26547715,0.31230697,0.2556551,0.27750197,0.3366116,0.31972775,0.337,0.26347306,0.24725592,0.2969983,0.31030098,0.311622,0.23799546,0.2934231,0.2663673,0.26343304,0.2230329,0.29244244,0.19168857,0.28530294,0.28513676,0.28876057,0.34074348,0.47690085,0.43906,0.4524196,0.5565535,0.4363634,0.44621584,0.49887905,0.41881743,0.44464022,0.49871445,0.44877928,0.47940227,0.4500785,0.46542555,0.45626244,0.41128653,0.42193183,0.36196727,0.42103133,0.41459084,0.31445652,0.3447619,0.36319047,0.38600233,0.40437397,0.41848108,0.3880947,0.3933729,0.41989183,0.41425872
0.34936053,0.37426445,0.39266112,0.23023057,0.3501351,0.38389716,0.4420881,0.2832038,0.3609078,0.40991816,0.4649949,0.45484,0.47755235,0.3741006,0.44051492,0.44138893,0.30678886,0.24573399,0.29088998,0.2692567,0.34342712,0.37260407,0.3620978,0.53295,0.42571494,0.46036,0.3927288,0.28357813,0.23934941,0.30947918,0.31024233,0.3393892,0.35445768,0.33525297,0.32521924,0.35081565,0.5019558,0.3448637,0.41375765,0.48285803,0.31705752,0.3248281,0.37589747,0.27953106,0.3442419,0.37343934,0.35442466,0.36286086,0.35084412,0.30330008,0.38302952,0.38064462,0.3983906,0.41230434,0.31034598,0.38327426,0.34838423,0.35176513,0.38274515,0.3428083,0.3462312,0.35606325,0.313299,0.30675003,0.25284252,0.358001
0.13343002,0.14121515,0.13458249,0.1456423,0.15405186,0.13343772,0.13170958,0.12449915,0.1226309,0.08946452,0.08851023,0.11733399,0.09314271,0.0851607,0.04279421,0.04544642,0.04198927,0.05205696,0.04174832,0.06213369,0.07298347,0.09985971,0.09750396
0.3846816,0.42512214,0.43169987,0.39880863,0.4154949,0.42735603,0.47676438,0.5064497,0.4461622,0.4627591,0.49590614,0.47618064,0.37285843,0.40266085,0.37824136,0.41406527,0.3619797,0.36094084,0.33986038,0.19045667,0.18502544,0.20437904,0.23217972


0.28393278,0.18372561,0.1687042,0.2404307,0.23001353,0.17345603,0.17862645,0.14018798,0.28477067
0.41329286,0.36192128,0.49000913,0.5040443,0.48770034,0.42929533,0.37740964,0.39602646,0.38552552,0.33228815,0.3731496,0.41544387,0.3198446,0.4765054,0.49532112,0.54606205,0.542119,0.42967114,0.47128075,0.4942274,0.45770788,0.42783928,0.41391006,0.41242078,0.3490425,0.43428093,0.44327828,0.45961475,0.4998386,0.52690566,0.54089546,0.604609,0.61289513,0.49312985,0.32545394,0.5197814,0.3905626,0.45985037,0.48959944,0.5479026,0.46100006,0.44651243,0.3847657,0.43108317,0.44928068,0.4167092,0.5510318,0.5235546,0.5338071,0.52890885,0.5571641,0.56255436,0.57646775,0.51375747,0.5855243,0.4940396,0.4593224
0.23485327
0.21020077,0.3563544,0.2540305,0.32259607,0.41656426,0.31157598,0.45302722,0.42292452,0.47760683,0.459244,0.43843305,0.24358556,0.23743819,0.24886204,0.20540982,0.27878684,0.28007823,0.3317357,0.44739974,0.38322848







0.28217074,0.283291,0.2514489,0.20563531,0.22705948
0.21249415,0.25038686,0.1317131,0.5300309,0.5425985,0.5089866,0.5487976,0.4843405,0.5730547,0.53053355,0.42007652,0.4258311,0.42721644,0.47755083,0.32205293,0.28176975,0.39855495,0.32950285,0.24587008,0.5783335,0.5915199,0.59392273,0.5736656,0.6182436,0.60460436,0.5997169,0.5824629,0.5945107,0.59743166,0.59064794,0.47192007,0.4714543,0.4491967,0.54387236,0.5432704,0.5083358,0.53580743,0.37687463,0.43659374,0.55031973,0.50088656,0.54976845,0.5725201,0.24635997,0.4277269,0.2880024,0.2790809,0.23574898,0.38370222,0.330579,0.2776187,0.30571288,0.2977061,0.28092816,0.34338123,0.25903147,0.2725468,0.24996011,0.18950763,0.15698871,0.36186868,0.07394312,0.07199493,0.17301263,0.34635872,0.3293607,0.4039541,0.42163074,0.29637063,0.4086799,0.5967578,0.29209962,0.3324829,0.32077882,0.29340494,0.33765602,0.43507698,0.49711317,0.3895979,0.36804062,0.4558207,0.2840584,0.38694963,0.34357375,0.449987,0.42798004,0.38136375,0.493939,0.43837726,0.36842644,0.56969476,0.416218,0.37318444,0.45061162,0.35264218,0.35150763,0.38768345,0.2918483,0.2613279,0.18218921,0.18961968,0.22517577,0.22042206,0.2946382,0.25500557,0.17411716,0.09323761,0.08070433,0.0047762,0.05703308,0.12440944,0.03504958,0.02497819,0.18756722,0.3958348,0.34493142,0.5339831,0.5836014,0.55231416,0.59039664,0.44572744,0.53385025,0.59760785,0.49535143,0.5744629,0.5490521
0.29681996,0.13409147,0.12639683,0.09734483,0.24600868,0.35657653,0.39319435,0.4852474,0.37987944,0.3243503,0.2947018,0.32172635,0.35446802,0.37442133,0.3210015,0.3328001,0.37769288,0.21435201,0.1817153,0.08549977,0.20268658,0.1539908,0.19765581,0.14775874,0.26473445,0.21636578,0.17681532,0.16396752,0.16450179,0.1647946,0.13917382
0.2751413,0.2245031,0.14233738,0.2681811,0.19422387
0.35933822,0.2405379,0.18188056,0.2123967,0.24739546,0.25390476,0.30722487,0.3609589,0.20154753,0.34349385,0.31537107,0.2559811,0.23524018,0.17574693,0.16061936,0.21622375,0.25352907,0.32637796,0.22961074,0.31243926,0.2660482,0.3146661,0.31386057,0.3683037,0.34060872,0.38277316,0.33637306,0.30166012,0.2572974,0.22356866,0.14082424,0.23429784,0.21992324,0.16157383,0.19748376,0.20688812,0.2564767,0.24500073,0.21937391,0.1480062,0.17281882,0.15733734,0.2182753,0.23546702,0.16114737,0.17671014,0.17336142,0.16775241,0.14595903,0.08970121,0.14395663,0.12093262,0.17979847,0.43315616,0.5106106,0.27992892,0.27657142,0.10462547,0.07257387,0.1096869,0.18578166,0.11949896,0.12694389,0.09082413,0.17230651,0.41570696,0.37763867,0.27952337,0.39646474,0.07729514,0.20222038,0.15980513,0.25017744,0.25074863,0.21176828,0.18907595,0.15880588,0.11948972,0.09638964,0.08350515,0.07105706,0.08011277,0.08180316,0.07566775,0.11559216,0.22295263,0.3891871,0.28508982,0.28792223,0.21700177,0.16332544,0.1710109,0.19515736,0.26940072,0.2736168,0.26341885,0.22253421,0.16391157,0.1632925,0.2044423,0.18884736,0.22043507,0.27259755,0.14683947,0.34022677,0.35464573,0.37390533,0.2355722,0.20447299,0.28371155,0.24175428,0.17721486,0.203915,0.23582007,0.22414885,0.2268758,0.4573076,0.35031804,0.4979633,0.46123376,0.31216955,0.39058033,0.2963962,0.31324673,0.33264214,0.2522605,0.28832787,0.12165922,0.27016342,0.3285922,0.30569384,0.31434733,0.40973976,0.5083528,0.34203625,0.35908866,0.34032738,0.39441475,0.24164338,0.3498153,0.4963361,0.43578425,0.30713427,0.40877056,0.39790466,0.33485907,0.4701975,0.42271185,0.4089445,0.29636127,0.37326923,0.41036585,0.30186895,0.34972978,0.36959067,0.45720506,0.4571954,0.39736617,0.36937568,0.3621205,0.3126497,0.38188127,0.4088754,0.15821704,0.30039868,0.46505436,0.4902022,0.24826065,0.28828043,0.31040463,0.29081476,0.30115303,0.36174336,0.2138594,0.1669664,0.25648102,0.21968341,0.09913678,0.21744746,0.16566849,0.09769412,0.09791523,0.08616731,0.2479223,0.2680505,0.12823401,0.17588791,0.0606257,0.13844854,0.08926952,0.06288492,0.1459637,0.44430938,0.40437394,0.49975246,0.42239583,0.2796566,0.38639376,0.49623305,0.2711667,0.33332506,0.2201539,0.26230347,0.22305247,0.28122196,0.29862037,0.5028141,0.3060159,0.23334087,0.25839198,0.21916738,0.27604383,0.19986337,0.2920768,0.32844013,0.3072659,0.2508159,0.21231519,0.18389806,0.17044781,0.26885417,0.22680967,0.41218403,0.42357025,0.3279219,0.3389516,0.2979737,0.24120742,0.35221326,0.2630873,0.37449634,0.32295743,0.3558109,0.24955934,0.30381155,0.31892028,0.28722015,0.29796326,0.25649765,0.23537551,0.26241523,0.1896557,0.21101354,0.22483161,0.18893734,0.19393972,0.20015822,0.21025683,0.20342332,0.28103212,0.3682735,0.25057143,0.409789,0.37654874,0.32886195,0.36455074,0.37152123,0.33462802,0.35581005,0.34073564,0.34128556,0.2733787,0.29752725,0.3171967,0.31195116,0.28905743,0.3817204,0.42746693,0.40696505,0.31873348,0.41986093,0.49122167,0.46781814,0.22385012,0.34330094,0.2288023,0.27666903,0.3522221,0.4934928,0.52958137,0.5189269,0.2075314,0.34194332,0.31533548,0.32264948,0.4467033,0.3809729,0.33095783,0.2832367,0.44530243,0.42622277,0.3242721,0.23035443,0.23959161,0.1561967,0.16961713,0.1587363,0.22728172,0.20966414,0.15844303,0.20504881,0.20893814,0.15260021,0.3188346,0.32715306,0.15084887,0.14076278,0.10867959,0.13910289,0.18050703,0.23653533,0.24228197,0.22632943,0.1690921,0.17972496,0.19974393,0.22119938,0.20190306,0.163725,0.15382549,0.17696288,0.14567964,0.1455187,0.16856168,0.26064113,0.06538699,0.22831306,0.13300705,0.22491987,0.16282782,0.31149173,0.31196406,0.3155351,0.26657796,0.15827455,0.22655378,0.14010325,0.17734851,0.11993105,0.15612774,0.14041384,0.197062,0.23375252,0.37152612,0.17668194,0.14697671,0.31125036,0.3001627,0.17576446,0.3235107,0.28415316,0.2439257,0.34324452,0.40496793,0.27843308,0.20719351,0.18063214,0.20762701,0.2631259,0.2914433,0.28412044


0.27219343,0.29576796,0.30342007,0.15023376,0.21717995,0.23354556,0.28554174,0.2654914,0.22602242,0.22806671,0.30397657,0.15361406
0.31010634,0.201203,0.30973634,0.3585433,0.22694045,0.23758021,0.30988374,0.5279176,0.44285268,0.35494155,0.20413975,0.23026554,0.37742314,0.48781145,0.28696483,0.37723318,0.396316,0.31083795,0.28388393,0.2766604,0.31084746,0.30127865,0.20582744,0.2888133,0.38345432,0.4352839,0.39512378,0.31511948,0.2636365,0.28716552
0.20998015,0.2252051,0.28508216
0.27200517,0.31462577,0.47140747,0.5233731,0.53785294,0.5532,0.44419107,0.58880556,0.25261772,0.29836482,0.3106132

0.22070307,0.2593002,0.24237262,0.22880857,0.25253952,0.21628402,0.25469035,0.22235228,0.25180104,0.1627082
0.39516452,0.21088529,0.38570368,0.3963456,0.33213323,0.22351582,0.2020606,0.3643084

0.2319651,0.28180805,0.26621273,0.24515663
0.3782478,0.38933226,0.40884554,0.44774005,0.47647476,0.2834102,0.44499528,0.48980215,0.43031344,0.36330163,0.44710276,0.4507969,0.4882485,0.2728807,0.26456246,0.20757103,0.18750584,0.23761868,0.27169,0.30450293,0.35301992,0.34503615,0.327735,0.3850781,0.25388065,0.23202185,0.27952418,0.24890073,0.2890237,0.30871883,0.3215628,0.3007777,0.3041953,0.452333,0.4096775,0.5276006,0.4564608,0.3994953,0.38523582,0.35752353,0.35230488,0.33859065,0.41781893,0.428102,0.45864198,0.46071815,0.49815455,0.49137068,0.39503595,0.49900323,0.34091455,0.39858553,0.5117816,0.37114644,0.4364488,0.38038158,0.37674963,0.4068417,0.51989645,0.5060656,0.41194287,0.43636212,0.31337547,0.5095967,0.4222384,0.39129522,0.37561134,0.4381943,0.4097779,0.08048937,0.25723168,0.355799,0.45007637,0.38941053,0.19509555,0.28385088,0.17998143,0.45119932,0.2235998,0.32659787,0.5242597,0.44111446,0.6005416,0.54593694,0.5154814,0.56349576,0.48520383,0.48722976,0.34900555,0.3347612,0.37188974,0.5057194,0.51258063,0.30362672,0.4193616,0.43650073,0.38382536,0.38591743,0.35443822,0.3632657,0.31649616,0.5135423,0.47842324,0.5047281,0.38005334,0.3356677,0.36617073,0.26893786,0.2593839,0.18325813,0.16508992,0.15250754,0.19563706,0.2810304,0.21858463,0.28212306,0.24514249,0.23610789,0.32250652,0.3245977,0.3039146,0.37598595,0.48570588,0.4990385,0.5287266,0.5994109,0.41923106,0.3620993,0.17508239,0.40092826,0.43305644,0.4365728,0.51803446,0.55803776,0.5414319,0.36181957,0.30506656,0.5114945,0.40802714,0.31740248,0.37007105,0.40835917,0.4262564,0.5281472,0.47758815,0.42563316,0.31181118,0.3649229,0.3724095,0.38269597,0.34147513,0.4554625,0.45259178,0.43986756,0.41593993,0.41452855,0.4610818,0.4784809,0.5263941,0.5666268,0.25983286,0.39812192,0.43272662,0.19590107,0.28832558,0.1642095,0.3629875,0.2361724,0.39781302,0.48781154,0.47570467,0.48310253,0.4498091,0.4086989,0.41925678,0.5052656,0.50581765,0.4198417,0.3512255,0.3421079,0.29987285,0.42002547,0.46610785,0.56540096,0.20454383,0.4682024,0.31061837,0.42717603,0.3756556,0.4618308,0.45846373,0.46572495,0.49741012,0.2910249,0.32519403,0.14903806,0.32766813,0.39314097,0.43766314,0.41785234,0.41529706,0.37323248,0.34412032,0.32098773,0.41280705,0.29670623,0.3715914,0.28019565,0.3815523,0.45154825,0.4320399,0.43645966,0.45825115,0.2939291,0.3767493,0.34226963,0.3376497,0.19064982,0.12732163,0.23962092,0.28168818,0.39480376,0.41423294,0.5097836,0.32622132,0.3367729,0.29706195,0.3843532,0.3542824,0.55752015,0.57513976,0.5226958,0.5403812,0.49971718,0.40970716,0.50162816,0.49822316,0.42610425,0.4318101,0.36535642,0.45160815,0.44094086,0.4230592,0.49324542,0.42564803,0.5254191,0.47778422,0.5293943,0.41172785,0.44738674,0.46806186,0.35027683,0.38701427,0.47535336,0.45117626,0.48397994,0.40318596,0.30743808,0.5277544,0.22856006,0.18894702,0.40150023,0.4282827,0.42502993,0.42367128,0.35745487,0.2624528,0.47332007,0.45772222,0.32848275,0.2856495,0.23020796,0.14765517,0.2150842,0.15995145,0.2535934,0.3371907,0.26304013,0.24777201,0.34990838,0.2841174,0.3599982,0.44189653,0.48966107,0.49970376,0.37012425,0.41052663,0.47267595,0.38440028,0.45745167,0.39191872,0.34966946,0.3954093,0.40860665,0.405211,0.32732636,0.29811436,0.25693282,0.18607576,0.2448968,0.1908542,0.34769008,0.26553354,0.24729165,0.26784837,0.01489331,0.2390243,0.3339806,0.45897254,0.28881463,0.39494538,0.4800001,0.4850176,0.50948125,0.40533033,0.5008616,0.43483388,0.38627437,0.30524313,0.3805753,0.37569335,0.3139905,0.3424178,0.34005436
0.12617923,0.11847975,0.11295157,0.11778142,0.10562813,0.11369696,0.11647199,0.10589061,0.09232406,0.10621808,0.07107373,0.08330764,0.08779378,0.11835755,0.08931595,0.07023986,0.07945304,0.09973504,0.10191481,0.0824811,0.09608592,0.05947383,0.18509422,0.14438333,0.13686271,0.11817945,0.18370849,0.16301396,0.11237923,0.1085012
0.1406519,0.12741658,0.19319238,0.20886436,0.18137589,0.11663628,0.19065417,0.25919807,0.1538281,0.39991462,0.28714335,0.24616799,0.12526669,0.1802151,0.20310654,0.2211533,0.23646101,0.35652706,0.3052805,0.2691779,0.27171752,0.34513393,0.30506346,0.31602335,0.2911151,0.2868814,0.37586418,0.32273012,0.3115722,0.35761398,0.3838997,0.34613776,0.3351213,0.38587195,0.39008543,0.39911136,0.31314385,0.3213179,0.26736665,0.2352103,0.1400323,0.26995194,0.23155221,0.1779795,0.26610133,0.36909896,0.35389674,0.36456951,0.44339228,0.455415,0.3934988,0.51850605,0.42773336,0.30946657,0.2889562,0.326034,0.29338714,0.34977406,0.36175838,0.37404302,0.34396058,0.1866353,0.28346524,0.3267658,0.39973944,0.48630846,0.26980776,0.27965853,0.24136004,0.30040368,0.43688723,0.26172927,0.2079245,0.21954356,0.34820127,0.33577356,0.3687255,0.2756475,0.32280535,0.36725774,0.43750727,0.42491075,0.29681382,0.36029232,0.38147286,0.34807658,0.36576387,0.46363124,0.39389247,0.3512248,0.32237494,0.23084308,0.2706272,0.08307585,0.32097307,0.3939946,0.22229576,0.12512185,0.17020842,0.14043847,0.1618179,0.15803409,0.24360645,0.25107354,0.34461495,0.31307322,0.45359924,0.4440536,0.45797658,0.35925767,0.4041406,0.36994454,0.35630926,0.3722033,0.37493607,0.3966243,0.35335314,0.32993785,0.32377598,0.3265388,0.32618672,0.32721618,0.31162107,0.33990738,0.35978702,0.372144,0.34721065,0.36764815,0.3773943,0.3604289,0.34881982,0.3214265,0.29900852,0.28510985,0.38571915,0.25615466,0.2869538,0.2859214,0.3458933,0.29224464,0.23962462,0.2551529,0.2527088,0.2509546,0.35263136,0.30439907,0.23723596,0.36899382,0.25920463,0.3240196,0.28415453,0.19449261,0.18443638,0.29288447,0.30153438,0.3170488,0.32189524,0.2987468,0.26301023,0.24292623,0.24901448,0.2819381,0.27707717,0.31092507,0.24527578,0.2711217,0.26673672,0.23529752,0.21206477,0.21539703,0.21160316,0.21085411,0.18858908,0.17012517,0.2061008,0.20457907,0.20236896,0.1962836,0.20295577,0.19792874,0.1935331,0.18686907,0.19686508

0.31863007,0.23471634,0.5832079,0.62500113,0.44436604,0.59081143,0.67083323,0.58995104,0.5792525,0.5388361,0.5935049,0.67601097,0.656572,0.59122616,0.59008825,0.56831264,0.45257166,0.5059593,0.49687964,0.59031427,0.60555494,0.52461076,0.22985187,0.448176,0.5591986,0.49017054,0.4565461,0.48616806,0.48458895,0.4586548,0.4516874,0.49024937,0.5026666,0.5056778,0.45437333,0.39515924,0.36137068,0.31085816,0.39119145,0.30040386,0.31109694,0.3036203,0.29203397,0.28788224,0.3733233,0.4280514,0.4031253,0.307314,0.39634112,0.4627339,0.44280472,0.597167,0.4621447,0.6106723,0.47849646,0.40102404,0.36426058,0.3374443,0.3595453,0.2688411,0.2895219,0.37663233,0.16759197,0.21214664,0.18007044,0.25383836,0.17764056,0.24560045,0.20533231,0.22225517,0.20715612,0.22483966,0.2042965,0.1665633,0.16150847,0.16380925,0.1563085,0.16622116,0.14673299,0.15971872,0.16242877,0.15686628,0.3151351,0.23746046,0.17459625,0.18435481,0.15739965,0.22973111,0.35226575,0.471803,0.4314408,0.5337366,0.4643433,0.48799115,0.5220618,0.63848454,0.38169694,0.3843423,0.40487084,0.6353918,0.59825313,0.60892296,0.37460142,0.6455949,0.6339539,0.6324234,0.59126127,0.52823377,0.42685646,0.25586277,0.6090014,0.4588152,0.5966509,0.5244769,0.3365825,0.4450428,0.2633154,0.4439507,0.37562326,0.30050474,0.3460811,0.3786344,0.39682072,0.3897726,0.44052064,0.48974663,0.47668374,0.4376253,0.5313649,0.59261894,0.50186694,0.5402106,0.5431998,0.57309985,0.523579,0.5021607,0.34418064,0.6025231,0.56544125,0.59363973,0.4399907,0.45878506,0.48053357,0.45393267,0.38819283,0.47256148,0.4371262,0.6091359,0.54237163,0.55868757,0.6179899,0.57512045,0.5598849,0.5754612,0.6023491,0.60729146,0.6177244,0.60764664,0.49560958,0.61365765,0.51656973,0.47985762,0.51810837,0.5431733,0.2770317,0.30858138,0.34369642,0.2691909,0.40396076,0.34024006,0.45013574,0.34910214,0.35191774,0.22002925,0.57251763,0.52348685,0.5567776,0.52201235,0.53963315,0.54257274,0.3115854,0.17737398,0.36379775,0.41470826,0.43916917,0.4368247,0.32395852,0.38485822,0.40677226,0.39323723,0.42013043,0.3962079,0.37104857,0.417098,0.43591106,0.43209967,0.50918865,0.4407843,0.47721705,0.40474957,0.5135426,0.4883619,0.38442206,0.50758237,0.47361746,0.4613231,0.40406615,0.3526624,0.5335645,0.5296426,0.4654336,0.47422478,0.437778,0.41423005,0.3508653,0.38252917,0.4672994,0.52946025,0.48893058,0.32067144,0.44013783,0.27814153,0.39295295,0.29405233,0.32195434,0.43256378,0.37136543,0.33294198,0.41751733,0.35229442,0.5075094,0.37789154,0.4403561,0.26972932,0.31994063,0.33199883,0.34822384,0.4157357,0.29868945,0.1870581,0.24367233
0.11892809,0.36160344,0.24901563,0.31565058,0.42061058,0.25548443
0.27641574,0.30484322,0.34541252,0.41258886,0.40342486,0.337493,0.29890987,0.3178971,0.3926351,0.3068738,0.35868537,0.40119827,0.30935228,0.33709553,0.2859844,0.369768,0.3643825,0.33148,0.28408405,0.33161917,0.33257544,0.3260277,0.25562292,0.29211596,0.34953508,0.4873804,0.4589778,0.45542696,0.37098747,0.36966804,0.3977151,0.34847423,0.36790094,0.35921034,0.4374177,0.42765108,0.40186843,0.48329416,0.4583122,0.4241268,0.37374967,0.37927732,0.34047848,0.49291277,0.46242803,0.5291109,0.39517856,0.4942263,0.40561906,0.46859163,0.52839553,0.41022566,0.4257819,0.4836667,0.40376928,0.43604997,0.4914921,0.40921518,0.4715092,0.3935212,0.40594435,0.41324353,0.3829534,0.28326187,0.3541861,0.29183552,0.34530067,0.4007007,0.34620425,0.3593335,0.39227375,0.33688623,0.39493635,0.36918205,0.48127845,0.37274504,0.35091498,0.22982472,0.27123782,0.28658965,0.28135642,0.2409316,0.28723824,0.23701893,0.19599752,0.35285312,0.34336463,0.28619933,0.24332011,0.1813051,0.26642835,0.18514012,0.2055726,0.23054983,0.25364703,0.36350337,0.29712978,0.30714533,0.4425984,0.4422952,0.4607628,0.28084067,0.2548638,0.24935138,0.26030073,0.3141996,0.37822995,0.22197677,0.40871602,0.4220633,0.3828069,0.24374938,0.33614513,0.35708418,0.40153956,0.37555376,0.4384301,0.4813829,0.31104624,0.3118485,0.21807627,0.23460689,0.42084143,0.3577831,0.27132657,0.2752468,0.3229899,0.3659471,0.4161464,0.375951,0.3769847,0.37309492,0.3867603,0.3863295,0.2749159,0.24761736,0.23245652,0.24515204,0.19878617,0.2398987,0.2952741,0.26823595,0.30225205,0.28656504,0.2504818,0.1776236,0.16873296,0.19972643,0.20656124,0.23011433






0.3684352,0.4817767,0.48984256,0.39300832,0.38506463,0.1749956,0.24241798,0.23627722,0.22725074,0.30633202,0.1718058,0.15267576,0.18938966,0.21256982,0.11741995,0.26960582,0.27591392,0.09003742,0.0758912,0.09513776,0.10533281,0.11679617,0.18693706,0.3588524,0.2528527,0.28156152,0.10034173,0.11097027,0.29708225,0.16875206

0.13781533,0.1522029,0.4248627,0.4354899,0.43283474,0.42965698,0.43763947,0.32569787,0.2517319,0.32264346,0.35378388,0.40650225,0.3229488,0.32804677,0.35630143,0.10511548,0.03136332,0.07970499,0.0420178,0.13192236,0.2725948,0.38324168,0.13552272,0.17213255,0.19972906,0.20588465,0.28867927,0.06229679,0.12792176,0.10722946,0.07530241,0.11255468,0.10456072,0.080355,0.12350573,0.10303959,0.08513244,0.09269758,0.0797774,0.08680191,0.08369564,0.18730104,0.21459176,0.21143962,0.26434126,0.29696435,0.3903442,0.32008952,0.3185427,0.27001083,0.3125283,0.3032879,0.11589215,0.12388158,0.0765086,0.1825331,0.1454789,0.15749116,0.07159811,0.1261177,0.2698048,0.19840342,0.1967444,0.3152622,0.18716708,0.26934645,0.21362597,0.2508084,0.26853,0.28489995,0.20813562,0.27471417,0.22037025,0.28871223,0.39688033,0.23301835,0.26078582,0.38117233,0.29300743,0.27070922,0.31672803,0.28311446,0.2686208,0.25424284,0.20040333,0.15080847,0.15277313,0.18232326,0.16806546,0.13614558,0.12499103,0.06167405,0.04884419,0.07917629,0.05535016,0.07367465,0.10468142,0.19131377,0.26710534,0.23403962,0.2219954,0.20115362,0.15775709,0.286281,0.21279277,0.1488423,0.09952557,0.16038944,0.1653079,0.18271668,0.17017664,0.1375372,0.11806791,0.09527713,0.11156089,0.12084809,0.268919,0.32398164,0.22723807,0.04313307,0.02241196,0.09758439,0.06849521,0.21279144,0.3106132,0.03902901,0.19817415,0.10992134,0.07670948,0.08184909,0.10694611,0.35595247,0.15509753,0.14043504,0.1630297,0.15095896,0.26238525,0.15986954,0.12240201,0.12283672,0.04530288,0.17900115,0.3351555,0.2193956,0.34802037,0.163946,0.18314883,0.35568622,0.11560676,0.15773097,0.05770711,0.03916105,0.05291035,0.01799845,0.01789487,0.02167406,-0.01813653,-0.02065793,0.07352542,0.09174045,0.08704522,0.08314282,0.09714235,0.10373431,0.10243494,0.09420378,0.15173413,0.18690017,0.15643269,0.1410929,0.1621499,0.15063049,0.15932581,0.15337214,0.17134601,0.1578704,0.15629624,0.16226177,0.13930336,0.16674203,0.1715197,0.15492651,0.14591284,0.19239403,0.17968486,0.21300644,0.19773494,0.18149187,0.19201848,0.20203485,0.16743931,0.02446706,-0.01814375,0.02743137,0.01157784,0.04230649,0.10175944,0.24655819,0.6004002,0.61493266,0.5834987,0.51519513,0.5782065,0.5418253,0.5048659,0.46212626,0.32198972,0.43165943,0.42237744,0.33172226,0.4578544,0.14813972,0.45476377,0.34253168,0.32637984,0.39040974,0.459309,0.36104876,0.31314495
0.41021883,0.23211794,0.39786747,0.35165662,0.3289498,0.31924644,0.36550403,0.40377375,0.29467574,0.4094976,0.30162054,0.14600345,0.17114405,0.12928534,0.2754369,0.18879215,0.31678787,0.47190595,0.36450142,0.34329495,0.3947579,0.41905028,0.41100565,0.41358382,0.4037823,0.42911154,0.40511042,0.40508047,0.3993623,0.4207501,0.38639307,0.4081557,0.4139698,0.4177983,0.2383388,0.3734975,0.49511552,0.40685436,0.44940454,0.36899263,0.32753456,0.40460148,0.3784296,0.3459849,0.28147686,0.29289111,0.31666878,0.17792894,0.21783474,0.2689361,0.35529312,0.39474067,0.31467992,0.40347204
0.28623083,0.1359901,0.24653319,0.14697795,0.13449766,0.11273763,0.11952551,0.13948227,0.12745647,0.12657362,0.14286935,0.1256078,0.09514926,0.11582733,0.14977814,0.21923535,0.2398298,0.30302343,0.2124155,0.34352297,0.22555704,0.27407753,0.46899801,0.2808971,0.10545804,0.19186072,0.38133505,0.27018994,0.27992612,0.1828428,0.10935484,0.1849678,0.32978943,0.23063798,0.11912062,0.08875881,0.33986625,0.14365268,0.36486244,0.40135664,0.30390927,0.25687513,0.22303677,0.22832252,0.23360981,0.26808393,0.23798642,0.19583407,0.22100925,0.25944093,0.16674736,0.13770682,0.05123391,0.44350865,0.38565126,0.31587735,0.28679207,0.4129598,0.279941,0.23964672,0.2862165,0.11684728,0.05743156,0.11322878,0.2625862,0.20640947,0.15798205,0.28330588,0.22138914,0.20067017,0.10424628,0.0982578,0.12589046,0.09151835,0.10786134,-0.00802804,0.10483851
0.47395965,0.40805793,0.5671923,0.5366657,0.25056666,0.3345506,0.32651237,0.33354524,0.32149416,0.29784694,0.323872,0.3139811,0.32791024,0.32796943,0.32905233,0.31980872,0.33930612,0.35595697,0.30640355,0.2975317,0.40756124,0.26446158,0.2701772,0.39858457,0.24628718,0.35282263,0.37668484,0.32058454,0.5962136,0.4091784,0.54593873,0.44522646,0.3910823
0.09696271,0.0642579,0.06294551,0.0657614,0.0829435,0.12058583,0.10319963,0.13313444,0.06822128,0.12288895,0.09741405,0.11160798,0.10825758,0.13474981,0.117064,0.14087023,0.05170125,0.09947151,0.09621729,0.05090311,0.10930086,0.12663005,0.14871335,0.11386472,0.13159429,0.12014888,0.13990378,0.11220443,0.11780739,0.11974564,0.15271443,0.159626,0.13170153,0.21923703,0.15005486,0.1221336,0.10914846,0.06713914,0.08376452,0.19883826,0.08587966,0.33558282,0.17487134,0.26632652,0.22613415,0.14054349,0.1613744,0.11040779,0.19060147,0.16363013,0.18611231,0.14946586,0.14933106,0.14668114,0.14547496,0.1411822,0.1447224,0.13094702,0.1353725,0.11568252,0.20129523,0.15619308,0.20641948,0.17204711,0.17420885,0.1583624,0.17342563,0.24449512,0.22753596,0.16194749,0.17970538,0.22375289,0.10707864,0.18521717,0.11577972,0.13250811,0.19625945,0.2723795,0.26327416,0.13445227,0.25513867,0.1817405,0.15178254,0.23799998,0.23607342,0.14156069,0.14465655,0.11334436,0.17618741,0.15520976,0.15818454,0.2267428,0.20971707,0.2561882,0.14819852,0.14837801,0.16524327,0.27861097,0.4580192,0.17774802,0.08008735,0.0822634,0.12886709,0.14323995,0.17446738,0.31583247,0.19679874,0.13444501,0.13763705,0.13209726,0.5982814,0.38931578,0.25828558,0.2891311,0.1622745,0.27178088,0.2917451,0.36950627,0.56418324,0.3459585,0.4762833,0.50301874,0.42663997,0.46328697,0.35570744,0.3681473,0.49317947,0.4845485,0.37358642,0.20226853,0.08099586,0.19181944,0.24243793,0.16081834,0.11325217,0.16183181,0.20691146
0.44273877,0.46719715,0.42760688,0.36323163,0.476922,0.40165374,0.35500565,0.20170544,0.19622965,0.166348,0.21475,0.21585871,0.28439298,0.2828396,0.2678969,0.21160519,0.3650432,0.37831354,0.35560358,0.39522594,0.30682135,0.32437855,0.41249934,0.47384447,0.35757983,0.29155526,0.30713058,0.43907773,0.26745686,0.29990235,0.2755444,0.2595571,0.30907455

0.15941533,0.29668105,0.27761507,0.3064999,0.40988716,0.3833771,0.2305838,0.16190961,0.1245451,0.10529816,0.12649469,0.14406732,0.11012403,0.11186471,0.058296,0.0941083,0.09737933,0.07076428,0.08235886,0.08990271,0.10787757,0.02646933


0.4299225,0.36210823,0.35475814,0.32231838
0.10005995,0.09184739,0.0759568,0.1019172,0.09655257,0.07912715,0.0276219,0.06097027,0.02413512,0.06801919

0.27322653,0.31471488,0.23684458,0.26986122,0.27839395,0.31786695,0.36801076,0.45835993,0.49035218,0.41965777,0.43640542,0.47234973,0.43791783,0.46462506,0.48370588,0.45319352,0.4864129,0.45600596,0.47495475,0.44762766,0.5073912,0.4996198,0.42363483,0.5046663,0.43272486,0.37722272,0.46608675,0.5157778,0.38764986,0.33835292,0.3025536,0.37100306,0.27402565,0.3001876,0.35063022,0.40988767,0.2778093,0.36089167,0.39590064,0.39762062,0.4535498,0.48105943,0.47551447,0.53788924,0.5199342,0.3117687,0.30487594,0.48422223,0.4389985,0.49803385,0.547093,0.47539163,0.5224693,0.49800247,0.4449849,0.370283,0.6060932,0.39997312,0.52102935,0.50289345,0.5677867










0.4178382,0.35892475,0.44549987,0.3777953,0.5119518,0.4634091,0.5136868,0.5562918,0.46458608,0.50966954,0.45550403,0.43767482,0.42627883,0.39940298,0.3367892,0.468859,0.5096942,0.576061,0.6255622,0.5084852,0.5106846,0.5509565,0.3704408,0.5078686,0.46233168,0.37427253,0.34068766,0.38392302
0.37390473,0.31238723,0.48379552,0.3167142,0.2675209,0.41220686,0.37993175,0.3780593,0.37170884,0.45065132,0.28694794,0.33767447,0.3486126,0.2800119,0.31594372,0.30401117,0.29715273,0.19125727,0.31397277,0.42762047,0.3374971,0.1131065,0.21016157,0.24281394,0.19454272,0.16658737,0.1579623,0.2695773,0.32701042,0.41002524,0.4359034,0.28348053,0.43581253,0.4656047,0.48815373,0.38454512,0.48071682,0.35310575,0.36941278,0.43456388,0.40435255,0.37783355,0.43541068,0.45388013,0.5118512,0.4559688,0.45508534,0.51473117,0.47566077,0.4771311,0.43565324,0.42128423,0.47558722,0.50500906,0.50778246,0.4975109,0.49003986,0.4910703,0.45052677,0.45802465,0.46505147,0.4549157,0.4776495,0.44577584,0.42134055,0.38027367,0.45807168,0.4296216,0.45160794,0.41789967,0.3409894,0.37858278,0.36522254,0.29857975,0.29048598,0.30918437,0.2649592,0.28205508,0.21538855,0.20975694,0.19260652,0.19430573,0.26627487,0.26873088,0.26430625,0.3782453,0.2585697,0.35068473,0.30853286,0.3779826,0.24139644,0.283771,0.24038841,0.32787412,0.20772699,0.30850026,0.3085004,0.2338563,0.24064074,0.24756253,0.25596917,0.26004335,0.30230418,0.31733418,0.3686518,0.16206302,0.07561909,0.08990174,0.08099458,0.1184595,0.11733744,0.1225392,0.1307762,0.12410636,0.12532394,0.10512371,0.09646923,0.12596336,0.13245839,0.13720523,0.20417745,0.18929087,0.17173903,0.17444642,0.14960323,0.20889013,0.13869216,0.10622548,0.16968344,0.12555195,0.1385727,0.13374847,0.11251094,0.14895912,0.13367355,0.12852953,0.1295497,0.1127779,0.12164275,0.10058091,0.09664481,0.11603213,0.09571897,0.09586,0.13269603,0.14220592,0.11996543,0.13083126,0.13357049,0.25414574,0.26989853,0.13714327,0.12070476,0.17405654,0.12283114,0.09383696,0.14486186,0.1524773,0.15971354,0.18473974,0.20133221,0.12799607,0.11607612,0.1165322,0.13900076,0.18328544,0.14822191,0.14692067,0.1514189,0.1462827,0.14176318,0.11914881,0.13452815,0.1971919,0.1659715,0.13316624,0.1617147,0.26715517,0.41090927,0.33285695,0.24763384,0.26249048,0.19582073,0.22960684,0.24214448,0.43919012,0.29362643,0.42759573,0.33588836,0.36949578,0.27494463,0.2139699,0.19744912,0.31841788,0.17913534,0.15633002,0.11192179,0.13596582,0.19642594,0.12588605,0.16670984,0.2792413,0.33702508,0.25246292,0.17404763,0.2463644,0.19193318,0.26638025,0.31708,0.21270443,0.30813524,0.14807664,0.16379732,0.32139188,0.15611036,0.24751498,0.22683862,0.27258235
0.25892746,0.30544358,0.3282976,0.26591104,0.29202378,0.17720501,0.4060193,0.35351643,0.334164,0.17179987,0.19271587,0.21956676,0.23557717,0.18014067,0.25469562,0.3973863,0.3483309,0.1212873,0.1291989,0.13496874,0.15688136,0.14150724,0.09831204,0.11277656,0.11412902,0.1873223,0.1062018,0.11183495,0.08047113,0.09729458,0.10258126,0.09626368,0.14257652,0.12814122,0.13616939,0.14593256,0.09063868,0.06922231,0.4806352,0.38628995,0.30409154,0.22612534,0.36742857,0.3270277,0.3639706,0.31015167,0.1897983,0.17076635,0.19442634,0.34558913,0.45154926,0.33281213,0.26504773,0.38473275,0.3294139
0.23842852,0.11770611,0.11698965,0.10567396,0.12715691,0.14313851,0.18323751,0.13548422,0.1612999,0.17966153,0.16727069,0.15861863,0.18356283,0.13140279,0.32525,0.18896322,0.35984093,0.2845561,0.26625594,0.3500237,0.42156437,0.25199568,0.31925523,0.34132355,0.28064376,0.21663016,0.25652274,0.44849792,0.40646294,0.32965496,0.3897346,0.40225068,0.36952248,0.34394875,0.3903508,0.30632785,0.22632328,0.27674848,0.08070657,0.14023161,0.16694039,0.14170252,0.13491993,0.18884307,0.2971779,0.26855338,0.17336728,0.267877,0.20193447,0.27023277,0.23955455,0.25521487,0.21462345,0.23667905,0.19910903,0.21801181,0.19087987,0.14134441,0.09718136,0.09606878,0.0761001,0.06739881,0.06187795,0.07601057,0.05192072,0.04628659,0.03746079,0.03113007,0.0391599,0.05417949,0.05639,0.09875967,0.10355361,0.10197908,0.09531072,0.10274285,0.12611926
0.28690836,0.17676522,0.19113936,0.15701237,0.3952574,0.21509367,0.31928366,0.16742295,0.31525436,0.3546353,0.33162975,0.37662306,0.37905103,0.20005336,0.4189979,0.52003616,0.35345256,0.29211825,0.26570752,0.18453355,0.19953293,0.4137296,0.36710224,0.3565073,0.262678,0.31095463,0.5055891,0.40380147,0.44089684,0.42967793,0.5225109,0.44622692,0.45503396,0.5152935,0.44274843,0.46351922,0.13410191,0.39719045,0.27074528,0.27334243,0.44625887,0.50644505,0.57813025,0.738145,0.50409496,0.33227414,0.42021847,0.448885,0.38947156,0.24458104,0.42696926,0.47911257,0.45812422,0.2847881,0.40201467,0.46754485,0.34641486,0.33468774,0.34043658,0.4105493,0.32705918,0.28117234,0.26853704,0.18287395,0.17313652,0.2999889,0.2995908,0.24129723,0.3617274,0.23875204,0.32524467,0.16983059,0.17428556,0.1871855,0.37915102,0.4111238,0.12143351,0.30645418,0.2552002,0.38567787,0.19992204,0.23626253,0.2204069,0.2089409,0.3167432,0.3443892,0.40397018,0.22256477,0.37829664,0.309031,0.4934109,0.49275765,0.45958647,0.39759818,0.35566977,0.30358207,0.36818382,0.25001073,0.27509257,0.22442055,0.40185392,0.37738797,0.24906424,0.26495063,0.25943723,0.42679372,0.40625066,0.4108575,0.38794306,0.35893086,0.42722568,0.5166334,0.55036837,0.50988525,0.47612894,0.38844398,0.38729402,0.3460716,0.30575764,0.26351187,0.46909446,0.3784271,0.3163067,0.4090229,0.43144104,0.3933952,0.3681998,0.44898978,0.5277468,0.49037406,0.44080168,0.4120316,0.40533555,0.42288,0.49004775,0.36541328,0.47419167,0.4667258,0.5039094,0.49298072,0.54932624,0.49016008,0.4651987,0.47774673,0.56803393,0.5132262,0.4928891,0.48382443,0.3551771,0.38391405,0.45460114,0.45581764,0.45143923,0.39437982,0.44030565,0.40128908,0.451279,0.5080502,0.3886484,0.4851438,0.38324714,0.37606946,0.36444977,0.39834017,0.4149349,0.40911263,0.37362504,0.37892437,0.37358198,0.36001208,0.3569252,0.37420985,0.34147155,0.34070525,0.34404877,0.36917925,0.30480155,0.34565642,0.45171183,0.43848276,0.42868537,0.40555698,0.3861783

0.27431083,0.22931755,0.32328933,0.28288686,0.19632834,0.15319043,0.3037178,0.265977,0.27641916,0.2314258
0.5084578,0.38591605,0.42033836,0.3518611,0.19536687,0.16128848,0.29241592,0.2896668,0.23487341,0.298414,0.30196282,0.23964337,0.2318142,0.23313391,0.16087045,0.15236843,0.2079775,0.13889472,0.14025821,0.11532596,0.1954157,0.12576361,0.11771417,0.13315825,0.16974919,0.19028333,0.16252632,0.15736917,0.1702759,0.18534322,0.24234724,0.29766378,0.3079128,0.22280337,0.24043155,0.24222629,0.309415,0.2865419,0.26317683,0.22284648,0.26628393,0.27513003,0.22853246,0.27595994,0.24601795,0.30281696
0.264905,0.23668233,0.36949095,0.37339923,0.3325367
0.21968694,0.26943347,0.28531885,0.23215333,0.19351964,0.20539287,0.1584019,0.15378045,0.20877697,0.17706156,0.19136208,0.23803894,0.2447298,0.21614933,0.22114491,0.20446566,0.19629826,0.20013694,0.22303396,0.2193267,0.21021521,0.24419785,0.2506315,0.23599589,0.23259364,0.15718617,0.15536511,0.22101068,0.18648352,0.21804428,0.2168164,0.18891582,0.22316942,0.21265145,0.22017972,0.1924323,0.1765591,0.20997159,0.20764942,0.1967281,0.19275163,0.18297687



0.5470413,0.5475595,0.52828175,0.5693903,0.5578482,0.5440626,0.5422648,0.5145699,0.51868033,0.46909797,0.5164435,0.55098677,0.5465865,0.5794146,0.528775,0.5075002,0.54583395,0.59674364,0.58597887,0.56465703,0.51819015,0.5100645,0.57263696,0.52723604,0.53795564,0.62484115,0.5724993,0.5401155,0.5659735,0.52386534,0.5047729,0.58275306,0.55882525,0.5692403,0.57748616,0.55949163,0.5226753
0.46469072,0.24042903,0.19749972,0.20170814,0.1576952,0.26744342,0.26347813,0.2543868,0.27319953,0.326948,0.25862232,0.28458616,0.30095926,0.17538585,0.25377598,0.28843945,0.4644148,0.39172053,0.2149692,0.37637585,0.3442148,0.2944314,0.40117493,0.30854416,0.2652958,0.22377913,0.31018722,0.31133997,0.21436356,0.24267165,0.28023812,0.2143717,0.1482309,0.1717593,0.4953324,0.49550867,0.26170638,0.10178769,0.11604173,0.15976702,0.21904106,0.26920924,0.39803052,0.34784055,0.41569853,0.27170554,0.34510168,0.26696917,0.1959397,0.3012479,0.29322666,0.32072008,0.31610826,0.34675044,0.28116158,0.28416586,0.3159914,0.38578817,0.22139816,0.32925612,0.335306,0.2961325,0.39399824,0.309616,0.41979325,0.25102827,0.07998177,0.14670205,0.21848336,0.25059867,0.15855405,0.33867428,0.3790344,0.42465952,0.449674,0.13948789,0.2816696,0.32149237,0.21038438,0.16807419,0.16040611,0.13864084,0.17716259,0.1785174,0.24862099,0.24674681,0.22879499,0.1950151,0.14759478,0.16540636,0.29359186,0.26969188,0.30263245,0.29666173,0.4061802,0.4602254,0.34112155,0.31999043,0.3181848,0.44613835,0.2962902,0.21460705,0.3515478,0.25825328,0.5067557,0.24369992,0.43836504,0.6034596,0.5584709,0.59626395,0.55008006,0.47573847,0.37784418,0.4430426,0.5985339,0.4698115,0.5071087,0.42527786,0.43465286,0.45387158,0.44380778,0.48260587,0.460057,0.5729444,0.5074985,0.50398326,0.60427177,0.5709517,0.32000548,0.3679927,0.35389793,0.5646857,0.47955945,0.46356505,0.46594545,0.43214878,0.4034323,0.4068013,0.28174767,0.32083854,0.21113852,0.33235732,0.40611255,0.41796803,0.4147792,0.3440349,0.47273362,0.45850524,0.41963506,0.38404277,0.33782947,0.39991668,0.38468027,0.45071226,0.37334976,0.18820962,0.19881515,0.15071633,0.27751693,0.21327023,0.23485604,0.13027623,0.1495222,0.27467564,0.18403374,0.17080191,0.20878641,0.23221093,0.17014758,0.18266113,0.24344943,0.19771442,0.19868904,0.16022867,0.19663048,0.22997724,0.22169334,0.19899645,0.21437384,0.31543028,0.29238367,0.30179965,0.2031968,0.37451723,0.24235655,0.24059346,0.21085754,0.3546265,0.1232089,0.12642974,0.1705407,0.13197242,0.36596176,0.23096195,0.14155357,0.14698867,0.18711211,0.13211489,0.13918898,0.13658531,0.19416207,0.22137792,0.2854523,0.4689775,0.12485049,0.30089635,0.20386295,0.18026537,0.23067766,0.23353763,0.28264228,0.27905816,0.25117314,0.18421817,0.16805516,0.15760349,0.22325289,0.19448017,0.16434143,0.19286051,0.41408974,0.41384608,0.41157073,0.3415804,0.37429175,0.39755124,0.37918034,0.36506113,0.25591466,0.23519732,0.33257258,0.42064363,0.30143014,0.24653876,0.33301067,0.29825833,0.30617517,0.3918399,0.09476528,0.06589293,0.3094962,0.3651063,0.244331,0.36505616,0.24204609,0.37533638,0.35869515,0.22907451,0.10732355,0.13740276,0.1885016,0.297936,0.20684436,0.22870182,0.28231356,0.30174887,0.307736,0.27823466,0.13639186,0.18157606,0.29478946,0.2425932,0.21465029,0.27456233,0.3179941,0.37652734,0.10728732,0.17773752,0.15017557,0.13151276,0.12189096,0.15811399,0.13461329,0.19563107,0.22272687,0.14261444,0.1702078,0.15122525,0.15761831,0.16604143,0.16156317,0.18595184,0.18015994,0.14993137,0.15507542,0.17287295,0.23192106,0.1872772,0.22731242,0.15305434,0.23818237,0.2105509,0.18974672,0.1366705,0.14891043,0.14805616,0.14637658,0.07857563,0.12197018,0.12610057,0.15644534,0.10376775,0.07862338,0.10923731,0.11073278,0.11926323,0.16363908,0.13382025,0.09888722,0.15367883,0.23191929,0.1771975,0.1324873,0.12430297,0.2049242,0.17708287,0.23615988,0.21134864,0.12386585,0.18672876,0.17513253,0.25022152,0.18822539,0.17829692,0.15938903,0.16430488,0.22461076,0.1986432,0.18066567,0.25139025,0.24433354,0.23136961,0.17222701,0.15298694,0.16425121,0.26014182,0.2551065,0.31683704,0.1924114,0.19340588
0.264126,0.28355238,0.08983669,0.04048357,0.09373228,0.06099187,0.09651025,0.16028148,0.07094582,0.09334332,0.17437482,0.11471333,0.14405386,0.11795831,0.19375844,0.2711299,0.193603,0.37972444,0.31135118,0.42934975,0.36508304,0.3879119,0.42393482,0.33180317,0.2950573,0.3565978,0.3429244,0.1310453,0.3500834,0.32343873,0.3007061,0.30367061,0.32747844,0.17247397,0.140247,0.20953023,0.0820234,0.04444361,0.2700664,0.34204537,0.2901907,0.38780326,0.22668134,0.3252757,0.1047304,0.29899305,0.2941174,0.21828404,0.46957552,0.3906717,0.14356355,0.24736112,0.22529629,0.1499444,0.19343221,0.19292605,0.16338955,0.22094496,0.16007203,0.1769886,0.17505114,0.13882147,0.18063787,0.18804811,0.19063987,0.20717974,0.14972143,0.1658869,0.1650147,0.23084779,0.19536597


0.15950423,0.1945053,0.19647905,0.19852465,0.17293921,0.29490846,0.34509954,0.47022828,0.43453562,0.39043173,0.38555634,0.36094755,0.32752752,0.42679548,0.45153442,0.46030486,0.48504493,0.4341875,0.40645462,0.3882097,0.37466463,0.43227282,0.44962487,0.43772265,0.3839017,0.36733854,0.42698556,0.44025669,0.40559664,0.44233218,0.47263566,0.19825733,0.21306121,0.19857574,0.19658649,0.2144459,0.17585179,0.24662533,0.2491819,0.17005923,0.15770738,0.16008034,0.18364269,0.21421377,0.18939056,0.19628523,0.18660228,0.16994813,0.17322487,0.16980492,0.20398045,0.17975709,0.19708619,0.19625846,0.1652448,0.23654118,0.17228678,0.1693083,0.15392801,0.21125662,0.24037875,0.36820856,0.38772538,0.25338218,0.19395666,0.19644389,0.21940146,0.20204736,0.20141914,0.2671892,0.1973885,0.24258065,0.19516549
0.41733453,0.37681147,0.37261683,0.30603138,0.26250264,0.30468652,0.3211019,0.42339763,0.4939115,0.4480686,0.44325358,0.17229025,0.16408873,0.1844431,0.18192431,0.29264742,0.4131366,0.16154233,0.17152917,0.1766279,0.18139116,0.19447929,0.19915336,0.24968873,0.28969932,0.24099259,0.24661791,0.20509608,0.18398646,0.16841964,0.16259693,0.31498265,0.2810709,0.31686017,0.37677234,0.36405277,0.2896179,0.31479052,0.406579,0.42650142,0.4314327,0.31648675,0.44751337,0.35655355,0.4278999,0.34469214,0.3505277,0.362936,0.514056,0.46191728,0.39374262,0.5033947,0.48018095,0.38622645,0.38296467,0.32115212,0.14020148,0.11594904,0.35562214,0.37436128,0.29458666,0.22796416,0.17881148,0.17991951,0.21940683,0.2337554,0.20129873
0.22278872,0.3282923,0.24319634
0.20530413,0.21595716,0.22677161


0.26451555,0.506991,0.5138309,0.37734735,0.2534434,0.27449223,0.38990548,0.38746464,0.17094412,0.06784903,0.1956671,0.1569177,0.28366747

0.5247561,0.55906105,0.5373254,0.5086968,0.5108907,0.5325056,0.53539455,0.5122366,0.49676925,0.54041827,0.5307168,0.5294538,0.54685044,0.49981895,0.50444365,0.5280037,0.54176307,0.34664688,0.4022449,0.33838248,0.29365277,0.38172248,0.4666243,0.48321813,0.43959644,0.5415866,0.5424839,0.5227653,0.5048005,0.4867227,0.52229124,0.4804685,0.49916732,0.5275458,0.49320626,0.5193793,0.51634055,0.51963973,0.5503819,0.584942,0.5003732,0.45519504,0.44248372,0.38849708,0.347093,0.40562674,0.3622152,0.38568854,0.3870892,0.42441893
0.51447046,0.5060212,0.5193465,0.58802915,0.55316687,0.5880767,0.6076312,0.5539877,0.54405254,0.5593251,0.55665576,0.55271876,0.5588548,0.5841935,0.57258636,0.5910337,0.5447619,0.49490693,0.4832296,0.32443905
0.39408842,0.39867797,0.39053005,0.3476069,0.30877894,0.3916476,0.4518663,0.43377268,0.47481945,0.43674242,0.45628047,0.50315523,0.43995225,0.29729337,0.3691018,0.3975349,0.19738528,0.07097656,0.17764166,0.11231158,0.13414814,0.25445884,0.25870916,0.27332988,0.24566253,0.2736076,0.32694942,0.27330163,0.36149845,0.3399408,0.21563043,0.31381974,0.31475618,0.35478026,0.21151067,0.34312516,0.411017,0.59449583,0.46085352,0.45322394,0.5039195,0.44110766,0.45041072,0.41171134,0.4531136,0.48025814,0.42553067,0.49308467,0.46099928,0.46220875,0.4372434,0.27479246,0.3780584,0.40510198,0.42155284,0.36152047,0.42352703,0.5903879,0.5653198,0.5953627,0.565995,0.4725266,0.44488588,0.48749906,0.50299776,0.4940979,0.5104717,0.573223,0.45033765,0.34368426,0.54383916,0.43733028,0.41249993,0.33850798,0.40472347,0.47707963,0.45800948,0.29998186,0.4622975,0.42251465,0.5094834,0.49939436,0.3705927,0.4340298,0.48361897,0.4051417,0.44867823,0.3316114,0.37045306,0.38114178,0.32897797,0.40742004,0.44117638,0.32998464,0.3076712,0.42667216,0.48697397,0.42404208,0.44606543,0.40523776,0.49299344,0.55105895,0.5025192,0.49374136,0.4065183,0.3987929,0.3619367,0.48945233,0.3856418,0.44368768,0.5215755,0.24620368,0.44633913,0.5197264,0.525936,0.4358731,0.49396336,0.41665965,0.4420367,0.47151878,0.41438335,0.4502773,0.6126585,0.47433797,0.5995379,0.5824727,0.5307619,0.42420086,0.41375554,0.63518894,0.38355333,0.45436788,0.49422234,0.43808803,0.48496643,0.5321392,0.5139872,0.5177114,0.5176671,0.5399006,0.44454,0.5021888,0.5595772,0.5001137,0.43845037,0.39298728,0.4091242,0.4429384,0.44425926,0.5014653,0.4639192,0.5452841,0.3722306,0.3609323,0.3515983,0.36507183,0.40597793,0.42884752,0.48504794,0.47506773,0.46729213,0.2725343,0.4047362,0.27041498,0.10047308,0.31215826,0.22906318,0.57054865,0.6270937,0.5991113,0.48712474,0.41412178,0.585981,0.38657865,0.43915468,0.34884363,0.36924008,0.60279304,0.55146796,0.57705414,0.55600005
0.36552304
0.18370433,0.13153362,0.12438207,0.1330372,0.14388904,0.12205861,0.07500565,0.13129933,0.08411641,0.08753569,0.10301508,0.10061997,0.10969978,0.0990482,0.10813741,0.12319476,0.11871186,0.12984014,0.12568198,0.11921945,0.12935778,0.137503





0.30495903,0.52433825,0.5567937,0.4995788,0.5233952,0.5428225,0.5537858,0.55948496,0.59247947,0.5812151,0.5513332,0.54236645,0.5539055,0.5490298,0.5188618,0.5269048,0.57715505,0.5049963,0.54093856,0.5486544,0.5322936,0.55909497,0.52875173,0.56680965,0.53539693,0.52479255,0.5047833,0.509758,0.22289786,0.46885467,0.47957826,0.47370178,0.34288588,0.51036483,0.4790984,0.43279073,0.3766127,0.3987215,0.49332312,0.41350654,0.35425496,0.29133517,0.36074954,0.29349446,0.20143978,0.20669718,0.24416853,0.27802876,0.29261756,0.28040203,0.30126575,0.39697456,0.36874413,0.3939889,0.39779425,0.35526747,0.45477772,0.3751295,0.41506058,0.39506945,0.5420661,0.39817876,0.37212214,0.36707032,0.3649598,0.20981538,0.17246318,0.25315377,0.25399408,0.32943305,0.3920552,0.32324168,0.2904232,0.4250792,0.34476876,0.36208963,0.35564017,0.35739365,0.30591887,0.25976053,0.33136895,0.3584659,0.15749252,0.24899068,0.36152333,0.3217282,0.43162566,0.4548089,0.57177734,0.5042149,0.49408096,0.5150199,0.40344846,0.3358465,0.21178593,0.48082805,0.46564603,0.5222317,0.3637778,0.36571756,0.44990495,0.48213667,0.47019586,0.4419602,0.3973121,0.35910034,0.39238045,0.39027095,0.29173788,0.26174805,0.26919615,0.22673064,0.4169602,0.43659493,0.5154302,0.42641842,0.47144818,0.51747715,0.43500575,0.40595764,0.40652326,0.39531952,0.39148226,0.39537165,0.45641565,0.4391883,0.4249391,0.4468754,0.49956232,0.46626994,0.3913826,0.49405456,0.41583595,0.57346815,0.43233946,0.5227724,0.28068346,0.47098118,0.5038316,0.44292888,0.41283387,0.4840866,0.52081746,0.42560476,0.45642048,0.42493007,0.31815442,0.22427745,0.3263019,0.28392246,0.39895305,0.38384,0.26633993,0.24234615,0.29206893,0.33641544,0.22662903,0.2591459,0.25925615,0.29259288,0.38280228,0.37844914,0.41485634,0.31583154,0.2513284,0.21401732,0.22011898,0.23076637,0.20268759,0.22557141,0.2223399,0.22797456,0.22368246,0.24524619,0.23040694,0.23810306,0.2390327,0.25248736,0.25344726,0.25762567,0.2385834,0.21995549,0.2139347,0.272626,0.3006878,0.30851984,0.25469103,0.28614277,0.19268638,0.1835219,0.18329865,0.20796148,0.21287982,0.16786976,0.19536765,0.18703438,0.19802092,0.22188745,0.1811962,0.17431052,0.17856374,0.17393158,0.1543837,0.12801756,0.13698106,0.17948656,0.21883133,0.24445492,0.2088398,0.20127662,0.27839094,0.2567145,0.19614798,0.20330042,0.26850435,0.28075936,0.2884734,0.32181522,0.32910383,0.3031572,0.26338533,0.15183425,0.1426987,0.1332786,0.16015826,0.16758907,0.25543725,0.22812948,0.22233176,0.19506639,0.2138929,0.29371706,0.19993809,0.1612158,0.17789075,0.12138234,0.12172998,0.2573811,0.29484499,0.30172676,0.27045617,0.2643272,0.25177893,0.21018592,0.34581652,0.33596852,0.30587777,0.36091435,0.50868714,0.517727,0.38957733,0.33053997,0.22502126,0.20151402,0.20914912,0.12548384,0.1414262,0.14992881,0.1556628,0.15561715,0.14481685,0.16163339,0.1702184,0.16448788,0.15473647,0.27061373,0.29618248,0.23325595,0.28899655,0.26359096,0.22038831,0.18993494,0.2074378,0.1732999,0.16928378,0.20627175,0.14636812,0.15998249,0.1809298,0.23870978,0.2132045,0.17780726,0.16162696,0.18935479,0.22180063,0.15717511,0.21317738,0.23069404,0.2371419,0.26018465,0.1813564,0.21723424,0.1827415,0.16875887,0.1638248,0.2302094,0.30069906,0.30428523,0.28276405,0.365744,0.294773,0.39301962,0.2866851,0.24535783,0.20032491,0.18009172,0.4649456,0.31696483,0.25385606,0.22902554,0.4202948,0.3392303,0.2823229,0.17202823,0.1932152,0.21859427,0.14002906,0.19685303,0.22101445,0.21405064,0.29876468,0.39797372,0.40905797,0.30009538,0.27603617,0.30714694,0.23288552,0.19732226,0.17535096,0.16376,0.07516993,0.10648446,0.12317692,0.08511909,0.05400226,0.03477753,0.10748716,0.17865412,0.18316104,0.1730221,0.17015535,0.22726658,0.3206346,0.26800498,0.35471445,0.27250853,0.31025246,0.21442862,0.24835156,0.23318149,0.32100284,0.33690673,0.353815,0.35901967,0.3078514,0.3707282,0.38239726,0.37172478,0.28392136,0.29276028,0.36036074,0.36107764,0.42702165,0.35005662,0.35966522,0.3298403,0.41222578,0.42095596,0.18800718,0.13041532,0.20154625,0.20936717,0.16470222,0.1498585,0.18829831,0.2867818,0.17845725,0.40042245,0.4730495,0.48455298,0.50883394,0.50426054,0.4472546,0.45119476,0.43386126,0.2674725,0.14170946,0.12574291,0.2540691,0.21930897,0.24294901,0.2563327,0.280055,0.28700027,0.30828297,0.36021265,0.4288197,0.34873655,0.3476489,0.35010442,0.27131745,0.15058212,0.08430842,0.07683721,0.07346435,0.09427627,0.12414571,0.10390448,0.09214706,0.12244516,0.11343079,0.18371068,0.1333705,0.19281451,0.30218846,0.17533195,0.07519255,0.07779091,0.09087921,0.14837216,0.17471951,0.14860716,0.20837343,0.2199148,0.37183982,0.40300936,0.36109814,0.33642817,0.32811654,0.33736214,0.31091195,0.30067658,0.27608564,0.29455638,0.28967077,0.27912295,0.4294826,0.42309856,0.18610713,0.20914935,0.13303012,0.11110114,0.19090715,0.21746,0.17244896,0.24274743,0.16544114,0.04133921,0.15335105,0.10033285,0.17962578,0.14367695,0.23140174,0.23152211,0.20425673,0.19449529,0.23336218,0.27298102,0.26153192,0.27606416,0.2891482,0.25703856,0.36692068,0.18238862,0.3223034,0.2959371,0.33569485,0.26846632,0.2333311,0.24820386,0.2770846,0.22299272,0.27275357,0.24167259,0.24210793,0.24706553,0.20805675,0.2010503,0.23252775,0.24260189,0.22181226,0.1923907,0.26457852,0.2932986,0.20351662,0.19602625,0.16044137,0.231101,0.15173455,0.1736112,0.16835837,0.16114658,0.20833428,0.20801848,0.1526995,0.1535991,0.14351007,0.15653796,0.32147178,0.19359277,0.26235887,0.3276746,0.34457177,0.27479908,0.22451438,0.22526957,0.17424738,0.17895105,0.20259143,0.17719305,0.17122477,0.16825415,0.27618295,0.17863937,0.17598088,0.1725186,0.13632306,0.13992198,0.20755896,0.2655714,0.19849192,0.2308107,0.24070273,0.23507665,0.09755906,0.28431758,0.10349655,0.21182275,0.20444669,0.18028851,0.15327543,0.14869575,0.13413739,0.14672491,0.23895888,0.19159256,0.13448763,0.13006338,0.11932191,0.16121498,0.22289084,0.2038193,0.16343176,0.16323325,0.16187723,0.2077208,0.25127175,0.23469342,0.26240215,0.23941508,0.18867359,0.17440294,0.16250288,0.16256346,0.17789972,0.17965768,0.20533241,0.26059392,0.22873184,0.20225666,0.23296297,0.12616535,0.22867715,0.23131469,0.34386095,0.19112694,0.1341101,0.15592803,0.13536783,0.14065608,0.15554735,0.16069579,0.13353789,0.11302404,0.11790115,0.17704768,0.13752091,0.20147581,0.17976663,0.1689224,0.22967581,0.24601585,0.25145078,0.24788652,0.26937878,0.2683872,0.28332844,0.26707068,0.2622001,0.26238546,0.26147416,0.34803662,0.35292765,0.35023695,0.35826758,0.3235761,0.35135895,0.3612935,0.39036578,0.09849276,0.08726513,0.08462887,0.08153084,0.09355745,0.06984767,0.05965431,0.05491925,0.03875563,0.04954937,0.04590435,0.08717033,0.08410504,0.21220821,0.2053385,0.25244737,0.26747558,0.1635267,0.31929213,0.32700488,0.22576289,0.05690463,0.11720099,0.32966143,0.32479376,0.40318185,0.4016071,0.23229387,0.3064471,0.2834626,0.15779608,0.21675839,0.18639363,0.20007567,0.21989709,0.18317172,0.20222685,0.13686645,0.12732176,0.3930539,0.28729925,0.35464278,0.16986471,0.19542797,0.14813717,0.15133514,0.14019428,0.04616021,0.18187067,0.20354293,0.26290837,0.24735357,0.4127792,0.35864964,0.46195,0.49019805,0.29655817,0.39101034,0.31426767,0.33484316,0.46351984,0.41883653,0.42494214,0.41621265,0.4596332,0.5034294,0.5170405,0.5265241,0.5173012,0.41666645,0.46838278,0.40338638,0.35954872,0.22340818,0.05818843,0.14339799,0.35867226,0.29296863,0.34908465,0.3520548,0.25615543,0.35732874,0.3834037,0.3120478,0.20295681,0.35586223,0.3051281,0.24739763,0.12992881,0.20918286,0.3465196,0.32352236,0.3554263,0.37210843,0.39519885,0.17220819,0.33185995,0.49427414,0.29044208,0.1307814,0.21597187,0.4268074,0.29616338,0.14519283,0.14432581,0.13092606,0.12509665,0.11081719,0.11377102,0.14194687,0.14677791,0.1475393,0.16735218,0.15393892,0.13983203,0.18266053,0.16724724,0.10756271,0.15107334,0.17250311,0.148253,0.16918737,0.13445853,0.0970599,0.14881104,0.14965074,0.10801338,0.14203942,0.13601026,0.15998815,0.17739323,0.20043859,0.16797256,0.21083522,0.22138491,0.15240936,0.0872599,0.16547929,0.1329202,0.11771955,0.07211444,0.07160909,0.15630351,0.17092289,0.11583848,0.23884766,0.2403772,0.24338096,0.23486878,0.2684341,0.24041308,0.18745604,0.19657569,0.07905528,0.10784055,0.09158853,0.08162954,0.06925896,0.07509479,0.07532045,0.08635949,0.10925094,0.09234012,0.09125882,0.10856906,0.12826662,0.17824529,0.09567568,0.10164738,0.08585848,0.08249649,0.07037655,0.04606435,0.07001691,0.0831195,0.09640329,0.0784402,0.08561996,0.18607467,0.17854641,0.03867258,0.1539554,0.23853563,0.14452419,0.09789214,0.1804028,0.49366888,0.5063648,0.5034759,0.50586015,0.49085632,0.49341604,0.5976193,0.5523081,0.5394566,0.41830972,0.54591924,0.5405069,0.50723755,0.49312007,0.49086535,0.49263754,0.5424076,0.50035346,0.44808772,0.45764497,0.45544952,0.49206537,0.45700783,0.47944036,0.5529247,0.5355836,0.5430207,0.5530219,0.5759968,0.5628478,0.5730015,0.6113813,0.6207213,0.57948565,0.49995768,0.55588365,0.5985579,0.5565949,0.46752328,0.4880446,0.4671674,0.49180374,0.50321925,0.61905634,0.49450693,0.45774668,0.56536376,0.59326386,0.5227388,0.6002693,0.55782294,0.361438,0.39336297,0.4569339,0.4742592,0.3378273,0.35064512,0.46324015,0.5583519,0.44963726,0.4718663,0.44507235,0.481104,0.4970524,0.46457416,0.4730602,0.49667886,0.3924125,0.4426656,0.5009668,0.4700438,0.50117946,0.47657984,0.5158476,0.5083375,0.580197,0.4975673,0.4935902,0.43385702,0.55632734,0.329541,0.4345527,0.47163382,0.58192337,0.49393287,0.51451385,0.53399396,0.568995,0.47885102,0.5103759,0.48334402,0.519281,0.49912727,0.561484,0.58291346,0.570431,0.6020817,0.5916121,0.5483471,0.5207446,0.60815907,0.6124066,0.58271635,0.639229,0.5662601,0.530612,0.5775318,0.5641568,0.5132048,0.5046264,0.5580511,0.5721419,0.6036039,0.6187073,0.5536238,0.56990457,0.5662986,0.5099381,0.6137063,0.5817544,0.55500364,0.58641315,0.5397223,0.64964557,0.6037313,0.50313133,0.4926078,0.530223,0.564016,0.51456714,0.53544706,0.5301024,0.5411329,0.5510538,0.54715806,0.55313665,0.5710266,0.5724598,0.5731423,0.57313836,0.4208644,0.43981814,0.4883416,0.56181264,0.5441926,0.55860233,0.5324738,0.5628677,0.5333271,0.5331079,0.5535708,0.5646755,0.5648753,0.54280704,0.54756093,0.50277436,0.53354585,0.5041109,0.49312252,0.48074496,0.44944394,0.47872606,0.48326278,0.61074567,0.57528377,0.51429784,0.5444427,0.52121687,0.51931524,0.54725385,0.5112582,0.5134083,0.49042252,0.5659473,0.50267744,0.4998741,0.49042314,0.3403424,0.4825855,0.52779186,0.4959938,0.47659105,0.39381927,0.50465345,0.49307123,0.4582232,0.5042481,0.52120066,0.49669778,0.51489615,0.51019573,0.40065295,0.4719067,0.36026302

0.4967433,0.34056136,0.28903133,0.38614106,0.19983555,0.21889563,0.18280245,0.25461087,0.5144069,0.5142826,0.4219853,0.385716,0.38464493,0.3566106,0.32054096,0.2734152,0.39255914,0.33717626,0.33154377,0.26614216,0.3093912,0.36301124
0.3879623,0.543092
0.43164366,0.41336215,0.44153798,0.56605107,0.490683,0.55776143,0.48250532,0.5789696,0.6171263,0.5616387,0.60311747,0.5584351,0.4527995,0.54002154,0.49135375,0.40159532,0.37438735,0.50257516,0.3052314,0.39827836,0.51611805,0.57290685,0.5693692,0.55998826,0.49318624,0.56763136,0.51218665,0.459475,0.51823443,0.48048955,0.42956114,0.5152509,0.486794,0.5083907
0.19825205,0.28216273,0.21384464,0.22278759,0.19846496,0.12437172,0.11867736,0.14476731,0.11971034,0.15300792,0.15540104,0.15512179,0.13184436,0.1752509,0.16936661,0.17197897,0.16771297,0.15019949,0.14501862,0.12889355,0.13316135,0.14953287,0.17395115,0.25580233,0.1568037,0.15246418,0.17031232,0.13168716,0.13531892,0.10697779






0.17720984,0.1795543,0.1649664,0.2011912,0.17410688,0.19035445,0.19530839,0.23591149,0.13333023,0.19059035,0.15409394,0.20213623,0.19628833,0.11671086,0.09230199,0.15093982,0.11124332,0.17303957,0.15614317,0.21383424,0.15145327,0.16479746,0.17884707,0.14823464,0.17584923,0.19748427,0.19048065,0.14191504,0.16773456,0.1519149,0.12779438,0.15801837,0.1729982,0.15956907,0.16051023,0.12463654,0.16588464,0.1358359,0.13089946,0.1275963,0.12838843,0.10558738,0.16955727,0.15795992,0.199387,0.21656537,0.2029289,0.1664856,0.3506035,0.3054826
0.02587615,0.0231834,0.05734432,0.14024265,0.06920983,0.07544439,0.08197773
0.34397075,0.42971992,0.46277526,0.2707354,0.15608457,0.3492948,0.35430238,0.3025669,0.21419878,0.1782185,0.22139178,0.23199737
0.08721793,0.18637155,0.00678495,0.06067999,0.00955946,0.08836588,0.05466242,0.05479604,0.07217506,0.07047357,0.06777132,0.0802793,0.02834926,0.02640585,0.01373482,0.02544442,0.07718633,0.25976938,0.3433378
0.48411357,0.4816914,0.4670296,0.36751348,0.49297377,0.56991816,0.5639738,0.4823282,0.4955458,0.39158547,0.5510912,0.3947755,0.33369204,0.44383663,0.57532495,0.5828322,0.5791396,0.54714894,0.52032256,0.4948144,0.5077281,0.49951997,0.49681103,0.5358677,0.44258812,0.40600106,0.3530829,0.4326426,0.5037296,0.42481938
0.46527874,0.5876383,0.5290855,0.5441834,0.47264016,0.51400816,0.3748266,0.50851846,0.41293135,0.43668023,0.34853622,0.5207213,0.38431787,0.525143,0.48538697,0.4912774,0.44964948,0.46331358,0.4541562,0.27747938,0.1832284,0.21299629,0.2642316,0.3521538,0.34207705,0.27290773,0.27172452,0.30690202,0.51374304,0.49214658,0.5591795,0.48851022,0.50042474,0.41801783,0.39666408,0.64308125,0.46729112,0.36505026,0.24336764,0.30007535,0.2647984,0.28212708,0.27990505,0.305999
0.39479154,0.4253143,0.37504536,0.22685806,0.12548947,0.28703502,0.22742502




0.11177711,0.04787765,0.0487818,0.09457723,0.07826183,0.0630298,0.05095279,0.06925795,0.07840879,0.07083403,0.04418702,0.0884985,0.08553568,0.06431075,0.05581509,0.14187682,0.10650066,0.15590282,0.11394063,0.05585063,0.05952674,0.08521464,0.13087068,0.12537724,0.12423747,0.06522252,0.08222207,0.07983968,0.08869264,0.05436292,0.13901478,0.17496736,0.13022254,0.11866092,0.12172159,0.19312212,0.12913431,0.11767112,0.16243811,0.14979398,0.10699398,0.15759793,0.14107196,0.09705842,0.08577439,0.09851638,0.0913418,0.22483653,0.1274662,0.14527652,0.14379442,0.10856181,0.12382369,0.15666458,0.13711235,0.12769772,0.16058974,0.22950761







0.19368134













